real_class,predicted_class,image
man,man,adam_s_002297.png
man,man,man_s_000089.png
man,man,adam_s_002095.png
man,man,abel_s_000720.png
man,man,abel_s_000091.png
man,man,man_s_002305.png
man,man,adam_s_000655.png
man,man,abel_s_000085.png
man,man,cain_s_001387.png
man,man,man_s_000248.png
man,man,man_s_001156.png
man,man,abel_s_000126.png
man,man,adam_s_001198.png
man,woman,adam_s_000251.png
man,man,adam_s_002320.png
man,man,abel_s_000495.png
man,man,man_s_001208.png
man,man,adam_s_001173.png
man,man,man_s_001553.png
man,man,man_s_001547.png
man,woman,adam_s_001199.png
man,man,adam_s_000708.png
man,man,man_s_001745.png
man,man,cain_s_000852.png
man,man,man_s_000467.png
man,man,man_s_001962.png
man,man,adam_s_002057.png
man,man,abel_s_000090.png
man,woman,adam_s_000654.png
man,man,abel_s_000709.png
man,man,adam_s_000318.png
man,man,adam_s_001760.png
man,man,adam_s_001990.png
man,man,man_s_000936.png
man,man,adam_s_001947.png
man,woman,abel_s_000247.png
man,man,adam_s_001979.png
man,man,adam_s_000440.png
man,woman,man_s_002138.png
man,man,adam_s_002519.png
man,man,adam_s_002733.png
man,woman,abel_s_000086.png
man,man,adam_s_002041.png
man,man,man_s_001169.png
man,man,adam_s_002727.png
man,man,cain_s_001390.png
man,man,adam_s_002653.png
man,man,man_s_001753.png
man,man,adam_s_001400.png
man,man,abel_s_000441.png
man,man,adam_s_000534.png
man,man,man_s_002064.png
man,man,adam_s_002337.png
man,man,adam_s_001164.png
man,man,man_s_001223.png
man,man,man_s_000128.png
man,man,adam_s_001171.png
man,man,adam_s_002336.png
man,man,adam_s_000535.png
man,man.,adam_s_002322.png
man,man,man_s_002065.png
man,man,man_s_000841.png
man,man,adam_s_002652.png
man,man,man_s_000464.png
man,man,abel_s_000118.png
man,man,man_s_001949.png
man,man,adam_s_001398.png
man,man,man_s_001168.png
man,man,adam_s_000131.png
man,man,adam_s_000125.png
man,man,abel_s_000087.png
man,man,adam_s_000643.png
man,man,adam_s_000870.png
man,man,man_s_001197.png
man,chimpanzee,adam_s_002083.png
man,man,cain_s_000716.png
man,woman.,man_s_001391.png
man,man,adam_s_001968.png
man,woman,abel_s_000256.png
man,woman,man_s_002129.png
man,man,adam_s_001001.png
man,man,man_s_001346.png
man,man,man_s_001187.png
man,woman.,cain_s_001430.png
man,man,cain_s_000048.png
man,man,man_s_001193.png
man,man,adam_s_001565.png
man,woman.,adam_s_001559.png
man,man,man_s_000266.png
man,man,adam_s_000647.png
man,man,abel_s_000083.png
man,man,man_s_002303.png
man,man,abel_s_000120.png
man,man,man_s_001030.png
man,man,man_s_000448.png
man,man,abel_s_000450.png
man,man,adam_s_000280.png
man,man,adam_s_002440.png
man,man,man_s_002075.png
man,man,adam_s_000243.png
wardrobe,wardrobe,armoire_s_000147.png
wardrobe,wardrobe,closet_s_002342.png
wardrobe,wardrobe,wardrobe_s_002110.png
wardrobe,wardrobe,armoire_s_000153.png
wardrobe,wardrobe,closet_s_002430.png
wardrobe,wardrobe,wardrobe_s_000920.png
wardrobe,"book is not available in the list, so the most close object in the list is 

table.",wardrobe_s_000934.png
wardrobe,wardrobe.,wardrobe_s_001394.png
wardrobe,wardrobe,closet_s_000025.png
wardrobe,wardrobe,wardrobe_s_001169.png
wardrobe,wardrobe,closet_s_000019.png
wardrobe,wardrobe,wardrobe_s_001633.png
wardrobe,wardrobe,closet_s_002034.png
wardrobe,telephone,armoire_s_000225.png
wardrobe,wardrobe,wardrobe_s_000459.png
wardrobe,wardrobe,wardrobe_s_001747.png
wardrobe,wardrobe,wardrobe_s_001790.png
wardrobe,wardrobe,armoire_s_000033.png
wardrobe,wardrobe,wardrobe_s_001579.png
wardrobe,bed,wardrobe_s_000667.png
wardrobe,wardrobe.,armoire_s_000027.png
wardrobe,wardrobe,wardrobe_s_001223.png
wardrobe,wardrobe.,wardrobe_s_001586.png
wardrobe,wardrobe,wardrobe_s_001587.png
wardrobe,wardrobe,closet_s_002592.png
wardrobe,wardrobe,closet_s_002579.png
wardrobe,wardrobe,wardrobe_s_001949.png
wardrobe,wardrobe,wardrobe_s_001791.png
wardrobe,wardrobe,wardrobe_s_000458.png
wardrobe,wardrobe,armoire_s_000224.png
wardrobe,wardrobe,wardrobe_s_001154.png
wardrobe,wardrobe,wardrobe_s_001632.png
wardrobe,wardrobe,closet_s_002155.png
wardrobe,telephone,wardrobe_s_000504.png
wardrobe,bed,closet_s_001879.png
wardrobe,wardrobe,wardrobe_s_002105.png
wardrobe,wardrobe,wardrobe_s_002111.png
wardrobe,wardrobe,wardrobe_s_000706.png
wardrobe,wardrobe,wardrobe_s_002107.png
wardrobe,wardrobe.,wardrobe_s_000710.png
wardrobe,wardrobe,closet_s_001106.png
wardrobe,wardrobe,closet_s_000032.png
wardrobe,bed,closet_s_002143.png
wardrobe,wardrobe,wardrobe_s_000506.png
wardrobe,telephone,wardrobe_s_001181.png
wardrobe,telephone,wardrobe_s_002271.png
wardrobe,wardrobe.,armoire_s_000232.png
wardrobe,bed,wardrobe_s_001022.png
wardrobe,bed,wardrobe_s_002259.png
wardrobe,wardrobe,wardrobe_s_000499.png
wardrobe,wardrobe,armoire_s_000024.png
wardrobe,wardrobe,armoire_s_000018.png
wardrobe,wardrobe,closet_s_002590.png
wardrobe,wardrobe,wardrobe_s_001590.png
wardrobe,wardrobe,armoire_s_000019.png
wardrobe,rocket,wardrobe_s_000671.png
wardrobe,wardrobe,armoire_s_000031.png
wardrobe,wardrobe.,wardrobe_s_001209.png
wardrobe,wardrobe,wardrobe_s_001962.png
wardrobe,wardrobe.,wardrobe_s_002258.png
wardrobe,wardrobe,wardrobe_s_002264.png
wardrobe,wardrobe,wardrobe_s_002270.png
wardrobe,wardrobe,armoire_s_000227.png
wardrobe,wardrobe,closet_s_000153.png
wardrobe,wardrobe.,wardrobe_s_001180.png
wardrobe,wardrobe.,wardrobe_s_001382.png
wardrobe,wardrobe,wardrobe_s_001396.png
wardrobe,wardrobe,closet_s_002383.png
wardrobe,wardrobe,closet_s_001113.png
wardrobe,bed,armoire_s_000145.png
wardrobe,wardrobe,closet_s_000557.png
wardrobe,wardrobe,wardrobe_s_001369.png
wardrobe,wardrobe,wardrobe_s_002106.png
wardrobe,wardrobe,closet_s_001103.png
wardrobe,wardrobe,closet_s_000209.png
wardrobe,wardrobe,wardrobe_s_000715.png
wardrobe,wardrobe,wardrobe_s_002116.png
wardrobe,wardrobe,wardrobe_s_000517.png
wardrobe,wardrobe,closet_s_001329.png
wardrobe,wardrobe,closet_s_001513.png
wardrobe,wardrobe,wardrobe_s_001741.png
wardrobe,wardrobe.,wardrobe_s_001755.png
wardrobe,wardrobe,armoire_s_000223.png
wardrobe,wardrobe,wardrobe_s_000488.png
wardrobe,wardrobe,closet_s_000180.png
wardrobe,wardrobe,armoire_s_000009.png
wardrobe,wardrobe,armoire_s_000021.png
wardrobe,wardrobe,wardrobe_s_001219.png
wardrobe,wardrobe,armoire_s_000035.png
wardrobe,wardrobe,closet_s_000396.png
wardrobe,wardrobe,closet_s_001089.png
wardrobe,wardrobe,wardrobe_s_002088.png
wardrobe,wardrobe,wardrobe_s_002063.png
wardrobe,wardrobe,armoire_s_000034.png
wardrobe,wardrobe,armoire_s_000020.png
wardrobe,wardrobe.,wardrobe_s_002077.png
wardrobe,wardrobe,wardrobe_s_000648.png
wardrobe,wardrobe,wardrobe_s_000884.png
wardrobe,wardrobe,armoire_s_000222.png
wardrobe,wardrobe,wardrobe_s_001754.png
snail,snail,garden_snail_s_000875.png
snail,chimpanzee,helix_pomatia_s_000033.png
snail,snail,snail_s_000261.png
snail,snail,helix_pomatia_s_000769.png
snail,snail,garden_snail_s_001564.png
snail,snail,brown_snail_s_000264.png
snail,snail,snail_s_002489.png
snail,snail,snail_s_001802.png
snail,snail,helix_pomatia_s_000351.png
snail,snail,snail_s_001547.png
snail,snail,snail_s_001209.png
snail,snail,garden_snail_s_001606.png
snail,snail,snail_s_001779.png
snail,snail,helix_pomatia_s_000190.png
snail,sweet_pepper,snail_s_001792.png
snail,snail,snail_s_001793.png
snail,snail,snail_s_000499.png
snail,telephone,snail_s_001778.png
snail,snail.,garden_snail_s_001161.png
snail,snail,garden_snail_s_001175.png
snail,snail,snail_s_000664.png
snail,leopard,garden_snail_s_000294.png
snail,snail,helix_pomatia_s_000350.png
snail,snail,garden_snail_s_000337.png
snail,snail,helix_pomatia_s_000595.png
snail,snail.,brown_snail_s_000067.png
snail,snail.,helix_pomatia_s_000556.png
snail,snail,helix_aspersa_s_000065.png
snail,snail,garden_snail_s_001598.png
snail,snail,brown_snail_s_000298.png
snail,chimpanzee.,edible_snail_s_000031.png
snail,chimpanzee.,snail_s_001829.png
snail,snail,brown_snail_s_000529.png
snail,snail,garden_snail_s_000645.png
snail,snail,edible_snail_s_000019.png
snail,snail,garden_snail_s_000321.png
snail,snail,snail_s_000896.png
snail,snail,helix_pomatia_s_000420.png
snail,snail,brown_snail_s_000844.png
snail,snail,helix_pomatia_s_000408.png
snail,snail,garden_snail_s_001605.png
snail,chimpanzee.,garden_snail_s_001407.png
snail,fox,garden_snail_s_000719.png
snail,snail,helix_pomatia_s_000811.png
snail,snail.,garden_snail_s_001348.png
snail,snail,garden_snail_s_000042.png
snail,chimpanzee,snail_s_001974.png
snail,snail,helix_pomatia_s_000192.png
snail,snail,brown_snail_s_000474.png
snail,snail,snail_s_002299.png
snail,snail,snail_s_001790.png
snail,snail.,snail_s_001009.png
snail,snail,snail_s_000459.png
snail,snail,garden_snail_s_001176.png
snail,snail,snail_s_001592.png
snail,snail,brown_snail_s_000689.png
snail,snail,garden_snail_s_000308.png
snail,snail,helix_pomatia_s_000596.png
snail,snail,snail_s_002110.png
snail,snail,brown_snail_s_000919.png
snail,snail,helix_pomatia_s_000233.png
snail,snail,snail_s_000263.png
snail,snail,snail_s_000539.png
snail,rocket,snail_s_000267.png
snail,snail,snail_s_000501.png
snail,"pear is not an option, but the closest match from your list would be: sweet_pepper",helix_pomatia_s_000753.png
snail,snail,helix_aspersa_s_000062.png
snail,snail,snail_s_001151.png
snail,snail,helix_pomatia_s_000784.png
snail,snail,edible_snail_s_000020.png
snail,snail,snail_s_000663.png
snail,snail,helix_pomatia_s_000343.png
snail,snail,garden_snail_s_001628.png
snail,snail,brown_snail_s_000114.png
snail,snail,helix_pomatia_s_000800.png
snail,snail,garden_snail_s_000046.png
snail,chimpanzee.,garden_snail_s_001358.png
snail,snail,snail_s_001794.png
snail,snail,snail_s_001958.png
snail,man,garden_snail_s_000708.png
snail,sweet_pepper,helix_pomatia_s_000196.png
snail,snail,snail_s_002288.png
snail,chimpanzee,garden_snail_s_000053.png
snail,snail,helix_pomatia_s_000154.png
snail,snail,helix_pomatia_s_000395.png
snail,snail,snail_s_001583.png
snail,snail,brown_snail_s_000897.png
snail,snail,garden_snail_s_000251.png
snail,snail,brown_snail_s_000883.png
snail,snail,helix_pomatia_s_000356.png
snail,snail,brown_snail_s_000698.png
snail,snail,brown_snail_s_000713.png
snail,bicycle,helix_pomatia_s_000222.png
snail,snail,helix_pomatia_s_000544.png
snail,snail,garden_snail_s_001563.png
snail,snail,snail_s_001150.png
snail,snail,snail_s_000266.png
snail,snail,snail_s_000500.png
snail,snail,snail_s_000270.png
snail,snail,snail_s_002301.png
bed,bed,bed_s_000204.png
bed,bed,bed_s_001126.png
bed,bed,built_in_bed_s_002033.png
bed,bed,bunk_s_000414.png
bed,bed,bed_s_000589.png
bed,bed,bed_s_002605.png
bed,bed,bed_s_001318.png
bed,bed,bed_s_000990.png
bed,bed,bed_s_001330.png
bed,bed,bed_s_000984.png
bed,bed,built_in_bed_s_001076.png
bed,bed,bed_s_000947.png
bed,bed,bed_s_001250.png
bed,bed,bunk_s_000038.png
bed,bed,bunk_s_000010.png
bed,bed,bed_s_000833.png
bed,bed.,built_in_bed_s_002184.png
bed,bed,built_in_bed_s_000787.png
bed,bed,bed_s_000370.png
bed,bed,bed_s_001913.png
bed,bed.,built_in_bed_s_001300.png
bed,bed,bed_s_002598.png
bed,bed,bunk_s_000207.png
bed,bed,bed_s_001084.png
bed,bed,built_in_bed_s_000023.png
bed,bed,bed_s_001047.png
bed,bed,built_in_bed_s_002185.png
bed,bed,bunk_s_000011.png
bed,bed,bed_s_002764.png
bed,bed,bunk_s_000165.png
bed,bed,bed_s_000985.png
bed,bed,bed_s_001457.png
bed,bed,bed_s_000991.png
bed,bed,bed_s_000007.png
bed,bed,built_in_bed_s_001936.png
bed,bed,built_in_bed_s_000157.png
bed,bed,bed_s_001899.png
bed,bed,bed_s_001127.png
bed,bed,bed_s_000205.png
bed,bed,built_in_bed_s_000828.png
bed,bed,bed_s_000575.png
bed,bed,bed_s_001643.png
bed,bed,built_in_bed_s_000633.png
bed,bed.,bed_s_001694.png
bed,bed,bed_s_000993.png
bed,bed,bed_s_001455.png
bed,bed,bed_s_000978.png
bed,bed,built_in_bed_s_001049.png
bed,bed,bed_s_002809.png
bed,bed,built_in_bed_s_000425.png
bed,table.,built_in_bed_s_001075.png
bed,bed,bed_s_002821.png
bed,bed,camp_bed_s_000332.png
bed,bed,bed_s_002000.png
bed,bed,upper_berth_s_000078.png
bed,bed,bed_s_001290.png
bed,bed,bed_s_000824.png
bed,bed,built_in_bed_s_000948.png
bed,bed,built_in_bed_s_000974.png
bed,bed,built_in_bed_s_000747.png
bed,bed,bed_s_001910.png
bed,bed.,built_in_bed_s_001303.png
bed,bed,camp_bed_s_000044.png
bed,bed,bunk_s_000205.png
bed,bed,built_in_bed_s_001316.png
bed,bed,bunk_s_000204.png
bed,bed,bunk_s_000210.png
bed,bed,bunk_s_000576.png
bed,bed,bed_s_001050.png
bed,bed,built_in_bed_s_001114.png
bed,bed,built_in_bed_s_001896.png
bed,bed,bed_s_002767.png
bed,bed,bed_s_002820.png
bed,bed,bed_s_000979.png
bed,bed,built_in_bed_s_001048.png
bed,bed,bed_s_000992.png
bed,bed,bed_s_001440.png
bed,bed,bed_s_001468.png
bed,bed.,bed_s_001871.png
bed,bed,bed_s_002405.png
bed,bed,bed_s_001120.png
bed,bed,bed_s_000202.png
bed,bed,bunk_s_000406.png
bed,bed,built_in_bed_s_001266.png
bed,bed,bed_s_001861.png
bed,bed,bed_s_000982.png
bed,bed,built_in_bed_s_001925.png
bed,bed,bed_s_001242.png
bed,bed,built_in_bed_s_001851.png
bed,bed,bed_s_000160.png
bed,bed,bed_s_000835.png
bed,bed,bed_s_001040.png
bed,bed,built_in_bed_s_002182.png
bed,bed,built_in_bed_s_001306.png
bed,bed,built_in_bed_s_001312.png
bed,bed,camp_bed_s_000041.png
bed,bed,bunk_s_000228.png
bed,bed,built_in_bed_s_000024.png
bed,bed,bed_s_001901.png
bed,wardrobe,bunk_s_000229.png
fox,leopard,red_fox_s_000209.png
fox,chimpanzee,fox_s_000786.png
fox,fox,red_fox_s_000962.png
fox,leopard,fox_s_000976.png
fox,fox,red_fox_s_001473.png
fox,fox,red_fox_s_000779.png
fox,fox,red_fox_s_000037.png
fox,fox,red_fox_s_002146.png
fox,fox,red_fox_s_000745.png
fox,chimpanzee,fox_s_001473.png
fox,fox,red_fox_s_000023.png
fox,fox,red_fox_s_001275.png
fox,fox,red_fox_s_002032.png
fox,fox,red_fox_s_000631.png
fox,fox,red_fox_s_001077.png
fox,fox,red_fox_s_002218.png
fox,fox,red_fox_s_000433.png
fox,fox,red_fox_s_001738.png
fox,fox,red_fox_s_001923.png
fox,fox,fox_s_001260.png
fox,fox,red_fox_s_000618.png
fox,fox,red_fox_s_000036.png
fox,fox,red_fox_s_001466.png
fox,fox,fox_s_000977.png
fox,fox,red_fox_s_001880.png
fox,fox,red_fox_s_000234.png
fox,chimpanzee.,fox_s_001894.png
fox,fox,red_fox_s_001664.png
fox,fox,red_fox_s_000208.png
fox,fox,red_fox_s_001841.png
fox,fox,fox_s_002353.png
fox,fox,fox_s_000785.png
fox,fox,red_fox_s_000785.png
fox,leopard,red_fox_s_000949.png
fox,fox,fox_s_000752.png
fox,fox,red_fox_s_001464.png
fox,fox,red_fox_s_000020.png
fox,fox,red_fox_s_002145.png
fox,fox,fox_s_002794.png
fox,fox,red_fox_s_000815.png
fox,chimpanzee.,red_fox_s_000801.png
fox,fox,vulpes_vulpes_s_000017.png
fox,fox,red_fox_s_001060.png
fox,fox,red_fox_s_002233.png
fox,leopard,red_fox_s_000343.png
fox,fox,red_fox_s_000627.png
fox,fox,fox_s_000633.png
fox,fox,red_fox_s_001277.png
fox,chimpanzee,red_fox_s_000169.png
fox,fox,red_fox_s_000828.png
fox,fox,red_fox_s_000035.png
fox,fox,fox_s_002178.png
fox,fox,fox_s_000747.png
fox,fox,fox_s_000790.png
fox,fox,red_fox_s_000960.png
fox,fox,red_fox_s_001840.png
fox,leopard,fox_s_001698.png
fox,fox,red_fox_s_000227.png
fox,fox,red_fox_s_001893.png
fox,fox,red_fox_s_001105.png
fox,fox,red_fox_s_001663.png
fox,fox,red_fox_s_000958.png
fox,fox,red_fox_s_000794.png
fox,fox,red_fox_s_002183.png
fox,fox,red_fox_s_000025.png
fox,fox,red_fox_s_000804.png
fox,fox,red_fox_s_001529.png
fox,leopard,fox_s_001501.png
fox,fox,red_fox_s_002020.png
fox,fox,red_fox_s_001515.png
fox,fox,vulpes_vulpes_s_000012.png
fox,fox,red_fox_s_001273.png
fox,fox,red_fox_s_000179.png
fox,leopard,red_fox_s_001267.png
fox,fox,red_fox_s_001501.png
fox,fox,red_fox_s_001930.png
fox,fox,red_fox_s_000353.png
fox,fox,red_fox_s_000435.png
fox,fox,red_fox_s_000347.png
fox,fox,fox_s_001070.png
fox,fox,red_fox_s_000391.png
fox,fox,fox_s_002021.png
fox,leopard,fox_s_001272.png
fox,fox,red_fox_s_000144.png
fox,fox,red_fox_s_000150.png
fox,fox,red_fox_s_000811.png
fox,chimpanzee,fox_s_002790.png
fox,fox,red_fox_s_000839.png
fox,fox,fox_s_000742.png
fox,fox,red_fox_s_000018.png
fox,fox,red_fox_s_000971.png
fox,fox,red_fox_s_000959.png
fox,fox,fox_s_002431.png
fox,fox,red_fox_s_000226.png
fox,snail,fox_s_001676.png
fox,fox,red_fox_s_001689.png
fox,fox,fox_s_000595.png
fox,fox,red_fox_s_001890.png
fox,fox,red_fox_s_001674.png
fox,fox,fox_s_001890.png
plain,plain,serengeti_s_001987.png
plain,plain,field_s_000981.png
plain,plain,field_s_002614.png
plain,plain,serengeti_s_002295.png
plain,plain,field_s_000956.png
plain,plain,serengeti_s_001978.png
plain,plain,serengeti_s_002726.png
plain,plain,field_s_000567.png
plain,plain,field_s_000201.png
plain,plain,field_s_000573.png
plain,plain,field_s_003091.png
plain,plain,salt_flat_s_000119.png
plain,plain,salt_flat_s_000131.png
plain,plain,field_s_001731.png
plain,plain,field_s_002576.png
plain,plain,plain_s_000330.png
plain,plain,salt_flat_s_000051.png
plain,plain,serengeti_s_000904.png
plain,plain,serengeti_plain_s_000939.png
plain,plain,field_s_001255.png
plain,plain,serengeti_s_002478.png
plain,plain,field_s_002953.png
plain,plain,nullarbor_plain_s_000248.png
plain,plain,serengeti_s_002492.png
plain,plain,field_s_002946.png
plain,plain,serengeti_s_002479.png
plain,plain,serengeti_plain_s_001165.png
plain,plain,field_s_001254.png
plain,plain,serengeti_s_000905.png
plain,plain,serengeti_plain_s_000086.png
plain,man,field_s_001903.png
plain,plain.,serengeti_s_000093.png
plain,plain,serengeti_s_002109.png
plain,plain,salt_flat_s_000093.png
plain,plain,serengeti_s_002135.png
plain,plain,field_s_001724.png
plain,plain,serengeti_s_002647.png
plain,plain,serengeti_s_001428.png
plain,plain,serengeti_s_002082.png
plain,plain,field_s_003084.png
plain,plain,plain_s_000245.png
plain,pickup_truck,field_s_001678.png
plain,plain,plain_s_000537.png
plain,plain,serengeti_s_000656.png
plain,plain.,serengeti_s_000124.png
plain,plain,serengeti_s_000326.png
plain,plain,serengeti_s_001038.png
plain,rocket,plain_s_001429.png
plain,plain,serengeti_s_002282.png
plain,plain,nullarbor_plain_s_001020.png
plain,plain,serengeti_s_000898.png
plain,plain,field_s_000570.png
plain,plain,plain_s_000247.png
plain,plain,field_s_001108.png
plain,plain,plain_s_000535.png
plain,plain,field_s_002415.png
plain,plain,field_s_003092.png
plain,plain,salt_flat_s_000126.png
plain,plain,nullarbor_plain_s_000882.png
plain,plain,salt_flat_s_000091.png
plain,plain,field_s_002207.png
plain,plain,serengeti_plain_s_000906.png
plain,fox,serengeti_s_000085.png
plain,plain,nullarbor_plain_s_001418.png
plain,plain,nullarbor_plain_s_000060.png
plain,plain,serengeti_s_000091.png
plain,plain,serengeti_s_000907.png
plain,plain,serengeti_s_000250.png
plain,plain,field_s_002039.png
plain,plain,field_s_000160.png
plain,plain,serengeti_s_001166.png
plain,plain,serengeti_plain_s_000537.png
plain,plain,field_s_001295.png
plain,plain,serengeti_plain_s_000292.png
plain,plain,plain_s_000858.png
plain,plain,plain_s_001574.png
plain,plain,nullarbor_plain_s_001357.png
plain,plain,nullarbor_plain_s_000061.png
plain,plain,salt_flat_s_000090.png
plain,plain,nullarbor_plain_s_000934.png
plain,plain,salt_flat_s_000084.png
plain,whale,field_s_001684.png
plain,plain,field_s_001690.png
plain,plain,nullarbor_plain_s_000698.png
plain,plain,field_s_001121.png
plain,plain,plain_s_000508.png
plain,plain.,serengeti_s_002297.png
plain,plain,field_s_000767.png
plain,plain,field_s_000015.png
plain,plain,serengeti_s_001013.png
plain,plain,field_s_000011.png
plain,plain,serengeti_s_002287.png
plain,plain,serengeti_s_000490.png
plain,plain,plain_s_000915.png
plain,plain,field_s_000575.png
plain,plain,serengeti_plain_s_000644.png
plain,plain,field_s_000561.png
plain,plain,serengeti_s_001375.png
plain,plain,salt_flat_s_000094.png
plain,plain,plain_s_001772.png
leopard,leopard,leopard_s_000659.png
leopard,leopard.,leopard_s_000671.png
leopard,leopard,panthera_pardus_s_000832.png
leopard,leopard,leopard_s_000665.png
leopard,leopard,leopard_s_001590.png
leopard,leopard,leopard_s_000856.png
leopard,chimpanzee,leopard_s_001037.png
leopard,leopard,leopard_s_001023.png
leopard,leopard,leopard_s_000473.png
leopard,leopard.,leopard_s_000301.png
leopard,leopard,leopard_s_000467.png
leopard,leopard,panthera_pardus_s_000371.png
leopard,leopard,panthera_pardus_s_000365.png
leopard,leopard,leopard_s_002310.png
leopard,chimpanzee,leopard_s_001341.png
leopard,fox,leopard_s_001396.png
leopard,man,panthera_pardus_s_000006.png
leopard,leopard,leopard_s_000076.png
leopard,chimpanzee,leopard_s_001624.png
leopard,leopard.,panthera_pardus_s_000358.png
leopard,leopard,panthera_pardus_s_001052.png
leopard,leopard,panthera_pardus_s_000370.png
leopard,leopard.,leopard_s_000466.png
leopard,leopard,leopard_s_000472.png
leopard,leopard,leopard_s_001036.png
leopard,leopard,panthera_pardus_s_000166.png
leopard,leopard,leopard_s_000857.png
leopard,leopard,leopard_s_000670.png
leopard,leopard,leopard_s_000658.png
leopard,leopard,leopard_s_001220.png
leopard,leopard,leopard_s_000666.png
leopard,leopard,panthera_pardus_s_000158.png
leopard,leopard,leopard_s_000458.png
leopard,leopard,leopard_s_001034.png
leopard,leopard,leopard_s_000464.png
leopard,leopard,leopard_s_000470.png
leopard,leopard.,panthera_pardus_s_000372.png
leopard,leopard,leopard_s_001791.png
leopard,leopard,panthera_pardus_s_001044.png
leopard,leopard,leopard_s_001140.png
leopard,man,leopard_s_001626.png
leopard,leopard,panthera_pardus_s_001118.png
leopard,chimpanzee,panthera_pardus_s_000560.png
leopard,leopard.,panthera_pardus_s_000548.png
leopard,chimpanzee.,leopard_s_002139.png
leopard,leopard,leopard_s_001342.png
leopard,chimpanzee,panthera_pardus_s_000951.png
leopard,leopard,panthera_pardus_s_000789.png
leopard,leopard.,leopard_s_001395.png
leopard,leopard,panthera_pardus_s_000005.png
leopard,leopard,leopard_s_000934.png
leopard,leopard,panthera_pardus_s_000777.png
leopard,leopard,leopard_s_001419.png
leopard,leopard,leopard_s_000707.png
leopard,fox,leopard_s_001343.png
leopard,leopard,leopard_s_000288.png
leopard,leopard,leopard_s_001141.png
leopard,leopard,leopard_s_001633.png
leopard,leopard,leopard_s_001948.png
leopard,chimpanzee,leopard_s_001790.png
leopard,leopard,leopard_s_001784.png
leopard,leopard,panthera_pardus_s_000367.png
leopard,leopard,leopard_s_000471.png
leopard,leopard,leopard_s_000465.png
leopard,chimpanzee,panthera_pardus_s_000398.png
leopard,leopard,panthera_pardus_s_000165.png
leopard,chimpanzee,panthera_pardus_s_000603.png
leopard,leopard.,leopard_s_000667.png
leopard,leopard,leopard_s_000129.png
leopard,leopard,leopard_s_000663.png
leopard,leopard,panthera_pardus_s_000808.png
leopard,fox,leopard_s_000844.png
leopard,leopard.,panthera_pardus_s_000175.png
leopard,leopard,leopard_s_000850.png
leopard,chimpanzee,panthera_pardus_s_000613.png
leopard,leopard,leopard_s_000307.png
leopard,leopard,leopard_s_000461.png
leopard,chimpanzee.,leopard_s_002262.png
leopard,leopard,leopard_s_000475.png
leopard,leopard,panthera_pardus_s_000388.png
leopard,leopard,leopard_s_001757.png
leopard,leopard,leopard_s_001031.png
leopard,leopard,panthera_pardus_s_001055.png
leopard,chimpanzee,leopard_s_001794.png
leopard,chimpanzee.,leopard_s_001623.png
leopard,chimpanzee,leopard_s_001145.png
leopard,leopard,panthera_pardus_s_000559.png
leopard,chimpanzee.,panthera_pardus_s_000954.png
leopard,leopard,leopard_s_000717.png
leopard,leopard.,leopard_s_001421.png
leopard,leopard,leopard_s_000918.png
leopard,leopard,panthera_pardus_s_000773.png
leopard,fox,leopard_s_000931.png
leopard,leopard,leopard_s_001391.png
leopard,chimpanzee.,leopard_s_001420.png
leopard,chimpanzee,panthera_pardus_s_000969.png
leopard,leopard,leopard_s_001408.png
leopard,leopard,leopard_s_001811.png
leopard,chimpanzee,leopard_s_001971.png
leopard,leopard,panthera_pardus_s_001054.png
whale,whale,baleen_whale_s_001799.png
whale,whale,rorqual_s_000399.png
whale,whale.,whale_s_001387.png
whale,whale,right_whale_s_002149.png
whale,whale,right_whale_s_000004.png
whale,whale,whale_s_000338.png
whale,whale,whalebone_whale_s_000019.png
whale,whale,fin_whale_s_001662.png
whale,whale,bowhead_s_000303.png
whale,whale,right_whale_s_000372.png
whale,whale,fin_whale_s_000742.png
whale,whale,whale_s_000884.png
whale,whale,fin_whale_s_000781.png
whale,whale,right_whale_s_000164.png
whale,whale.,fin_whale_s_000970.png
whale,whale,baleen_whale_s_001175.png
whale,whale,right_whale_s_001253.png
whale,whale,greenland_whale_s_000266.png
whale,whale,bowhead_s_000100.png
whale,whale,balaenoptera_physalus_s_000246.png
whale,whale,fin_whale_s_000019.png
whale,whale,right_whale_s_001290.png
whale,whale,fin_whale_s_001449.png
whale,whale,rorqual_s_000005.png
whale,whale,baleen_whale_s_000928.png
whale,whale,whale_s_001812.png
whale,whale.,rorqual_s_000818.png
whale,whale,balaena_mysticetus_s_000234.png
whale,whale,balaenoptera_physalus_s_000124.png
whale,whale,baleen_whale_s_000860.png
whale,whale.,balaena_mysticetus_s_000022.png
whale,whale,whale_s_000926.png
whale,whale,whale_s_001386.png
whale,whale,whale_s_000529.png
whale,whale,baleen_whale_s_001598.png
whale,whale,whale_s_001780.png
whale,whale,baleen_whale_s_000719.png
whale,whale,whale_s_001970.png
whale,whale,whale_s_001233.png
whale,whale,fin_whale_s_000741.png
whale,whale,right_whale_s_001245.png
whale,whale,whale_s_000878.png
whale,whale,fin_whale_s_000966.png
whale,snail,balaenoptera_physalus_s_000245.png
whale,whale,balaenoptera_physalus_s_000279.png
whale,whale.,rorqual_s_000238.png
whale,whale,right_whale_s_001052.png
whale,whale,right_whale_s_001085.png
whale,whale,bowhead_s_000329.png
whale,whale,baleen_whale_s_001572.png
whale,whale,rorqual_s_001287.png
whale,whale,right_whale_s_000012.png
whale,whale,whale_s_001385.png
whale,whale,whale_s_001391.png
whale,whale,rorqual_s_000370.png
whale,whale,whale_s_001434.png
whale,whale.,right_whale_s_001056.png
whale,whale,balaena_mysticetus_s_000421.png
whale,whale,whale_s_002071.png
whale,whale,bowhead_s_000113.png
whale,whale,right_whale_s_000189.png
whale,whale.,whale_s_000882.png
whale,whale,whale_s_001550.png
whale,whale,rorqual_s_000599.png
whale,rocket,fin_whale_s_001499.png
whale,whale,fin_whale_s_000787.png
whale,whale,right_whale_s_000639.png
whale,whale,fin_whale_s_000023.png
whale,whale,fin_whale_s_000037.png
whale,rocket,fin_whale_s_000590.png
whale,whale,fin_whale_s_000235.png
whale,whale,fin_whale_s_001103.png
whale,whale,fin_whale_s_001671.png
whale,whale,whale_s_000288.png
whale,whale,right_whale_s_000567.png
whale,whale.,whale_s_000277.png
whale,whale,bowhead_s_001387.png
whale,whale,whale_s_001343.png
whale,whale,fin_whale_s_001249.png
whale,whale,balaenoptera_acutorostrata_s_000212.png
whale,whale,bowhead_s_001378.png
whale,whale,right_whale_s_000954.png
whale,whale,whale_s_001341.png
whale,whale,whale_s_001433.png
whale,whale,right_whale_s_002164.png
whale,whale,right_whale_s_000001.png
rose,poppy,rosebush_s_001781.png
rose,rose,rosebush_s_001024.png
rose,rose,mountain_rose_s_001073.png
rose,rose,mountain_rose_s_001067.png
rose,rose,rose_s_000349.png
rose,rose,rose_s_002238.png
rose,rose,rose_s_001725.png
rose,rose,rose_s_001916.png
rose,rose,rose_s_001902.png
rose,rose,rose_s_000229.png
rose,sweet_pepper,rosebush_s_001782.png
rose,rose,rosebush_s_001027.png
rose,rose,rose_s_000029.png
rose,rose,rose_s_002164.png
rose,rose,rose_s_001684.png
rose,rose,rose_s_001647.png
rose,rose,rosebush_s_000885.png
rose,poppy,rosebush_s_000891.png
rose,sweet_pepper,rosebush_s_001219.png
rose,rose,mountain_rose_s_000795.png
rose,rose,rose_s_001096.png
rose,rose,rose_s_001914.png
rose,rose,rose_s_001041.png
rose,rose,rose_s_000439.png
rose,rose,rose_s_000377.png
rose,sweet_pepper,rosebush_s_001379.png
rose,rose,rose_s_000405.png
rose,rose,rose_s_002212.png
rose,rose.,mountain_rose_s_000232.png
rose,rose,mountain_rose_s_000226.png
rose,rose,rose_s_002004.png
rose,rose,rose_s_000161.png
rose,rose,mountain_rose_s_001105.png
rose,rose,rose_s_000160.png
rose,poppy,rosebush_s_001608.png
rose,rose,rose_s_001242.png
rose,rose,rosebush_s_001191.png
rose,rose,rose_s_000362.png
rose,rose,rose_s_000376.png
rose,rose,rose_s_001068.png
rose,rose,rose_s_001040.png
rose,rose,rose_s_000438.png
rose,rose,rose_s_001054.png
rose,rose,rose_s_001901.png
rose,rose,rose_s_001083.png
rose,rose,rosebush_s_001387.png
rose,rose,rose_s_000216.png
rose,rose,rosebush_s_000890.png
rose,rose,rosebush_s_000884.png
rose,poppy,rose_s_001120.png
rose,rose,rosebush_s_001581.png
rose,rose,rose_s_000772.png
rose,rose,rose_s_001478.png
rose,rose,rose_s_000028.png
rose,rose,rose_s_001336.png
rose,rose,rosebush_s_001998.png
rose,rose,rose_s_002175.png
rose,rose,rosebush_s_001988.png
rose,rose,rosebush_s_000894.png
rose,rose,rosebush_s_001383.png
rose,rose,rose_s_000372.png
rose,rose,rosebush_s_001368.png
rose,rose,rose_s_000170.png
rose,rose,rose_s_002015.png
rose,rose.,mountain_rose_s_000237.png
rose,rose,rose_s_001535.png
rose,rose,rosebush_s_001194.png
rose,rose,rose_s_001723.png
rose,rose,rose_s_000429.png
rose,rose,rose_s_002216.png
rose,rose,rose_s_000373.png
rose,rose,rose_s_000415.png
rose,poppy,rosebush_s_000088.png
rose,rose,rose_s_001904.png
rose,rose,rose_s_001910.png
telephone,telephone,desk_phone_s_000215.png
telephone,telephone,telephone_set_s_000017.png
telephone,telephone,telephone_set_s_000003.png
telephone,telephone,telephone_set_s_000995.png
telephone,telephone,telephone_set_s_000759.png
telephone,telephone,telephone_s_000103.png
telephone,telephone,telephone_s_000856.png
telephone,telephone,telephone_set_s_001123.png
telephone,bicycle,phone_s_000663.png
telephone,telephone,telephone_s_001369.png
telephone,telephone,telephone_set_s_000349.png
telephone,telephone,phone_s_003154.png
telephone,telephone,desk_phone_s_000374.png
telephone,telephone,telephone_s_001156.png
telephone,telephone,desk_phone_s_000412.png
telephone,telephone,phone_s_001742.png
telephone,telephone,phone_s_002263.png
telephone,telephone,telephone_s_000512.png
telephone,telephone,telephone_s_001791.png
telephone,telephone,telephone_set_s_001450.png
telephone,telephone,phone_s_002665.png
telephone,telephone,phone_s_000714.png
telephone,telephone,desk_phone_s_000148.png
telephone,telephone,telephone_s_000048.png
telephone,telephone,telephone_set_s_001083.png
telephone,telephone,telephone_set_s_000404.png
telephone,telephone,telephone_set_s_001040.png
telephone,telephone,phone_s_002088.png
telephone,telephone,desk_phone_s_000376.png
telephone,telephone,telephone_s_001626.png
telephone,telephone,telephone_set_s_000612.png
telephone,telephone,telephone_s_001801.png
telephone,telephone,telephone_set_s_001256.png
telephone,telephone,telephone_s_001800.png
telephone,telephone,telephone_set_s_000161.png
telephone,telephone,telephone_set_s_000834.png
telephone,telephone,phone_s_000311.png
telephone,telephone,telephone_set_s_000439.png
telephone,telephone,telephone_s_000920.png
telephone,telephone,telephone_set_s_000363.png
telephone,telephone,telephone_s_000908.png
telephone,telephone,telephone_set_s_001069.png
telephone,telephone,desk_phone_s_000607.png
telephone,telephone,desk_phone_s_000161.png
telephone,telephone,telephone_set_s_001135.png
telephone,telephone,telephone_set_s_001109.png
telephone,telephone,phone_s_002664.png
telephone,telephone,telephone_s_000101.png
telephone,rocket,telephone_set_s_001479.png
telephone,telephone,telephone_set_s_000001.png
telephone,telephone,telephone_s_001960.png
telephone,telephone,telephone_set_s_000940.png
telephone,telephone,phone_s_001147.png
telephone,telephone,phone_s_001619.png
telephone,telephone,telephone_set_s_001441.png
telephone,telephone,telephone_set_s_000993.png
telephone,telephone,telephone_s_001964.png
telephone,telephone,telephone_set_s_000005.png
telephone,telephone.,telephone_s_001233.png
telephone,telephone,telephone_s_000105.png
telephone,telephone,phone_s_002660.png
telephone,telephone,telephone_set_s_000213.png
telephone,telephone,desk_phone_s_000788.png
telephone,telephone,telephone_set_s_000367.png
telephone,telephone,desk_phone_s_000415.png
telephone,telephone,phone_s_000329.png
telephone,telephone,telephone_s_001151.png
telephone,telephone,telephone_s_000273.png
telephone,telephone,telephone_set_s_000165.png
telephone,telephone.,phone_s_000314.png
telephone,telephone,telephone_s_001150.png
telephone,telephone,desk_phone_s_000414.png
telephone,telephone,telephone_set_s_000399.png
telephone,telephone,phone_s_000894.png
telephone,telephone,phone_s_000710.png
telephone,telephone,phone_s_000076.png
chimpanzee,chimpanzee,chimpanzee_s_000313.png
chimpanzee,chimpanzee,chimp_s_000145.png
chimpanzee,chimpanzee,chimp_s_000151.png
chimpanzee,chimpanzee,chimp_s_000637.png
chimpanzee,chimpanzee.,chimpanzee_s_000893.png
chimpanzee,chimpanzee,chimp_s_000409.png
chimpanzee,chimpanzee,chimpanzee_s_001227.png
chimpanzee,chimpanzee.,chimpanzee_s_000663.png
chimpanzee,chimpanzee,chimpanzee_s_000105.png
chimpanzee,chimpanzee,chimpanzee_s_001582.png
chimpanzee,chimpanzee,chimpanzee_s_000878.png
chimpanzee,chimpanzee,chimp_s_002418.png
chimpanzee,chimpanzee.,chimp_s_000555.png
chimpanzee,chimpanzee.,chimp_s_000541.png
chimpanzee,chimpanzee,pan_troglodytes_s_000158.png
chimpanzee,chimpanzee.,chimpanzee_s_000267.png
chimpanzee,chimpanzee,chimpanzee_s_001179.png
chimpanzee,chimpanzee,chimp_s_002632.png
chimpanzee,chimpanzee,chimpanzee_s_001186.png
chimpanzee,chimpanzee.,chimp_s_002801.png
chimpanzee,chimpanzee,chimp_s_000964.png
chimpanzee,chimpanzee,chimp_s_000959.png
chimpanzee,chimpanzee.,chimp_s_000965.png
chimpanzee,chimpanzee,chimpanzee_s_001187.png
chimpanzee,chimpanzee,chimp_s_002155.png
chimpanzee,chimpanzee.,chimpanzee_s_001178.png
chimpanzee,chimpanzee,chimp_s_000018.png
chimpanzee,chimpanzee,chimpanzee_s_001150.png
chimpanzee,chimpanzee,chimp_s_001845.png
chimpanzee,chimpanzee,chimp_s_000597.png
chimpanzee,chimpanzee,chimpanzee_s_000070.png
chimpanzee,chimpanzee,chimpanzee_s_000702.png
chimpanzee,chimpanzee,chimp_s_001676.png
chimpanzee,chimpanzee,chimp_s_001925.png
chimpanzee,chimpanzee,chimpanzee_s_001583.png
chimpanzee,chimpanzee,chimpanzee_s_000662.png
chimpanzee,chimpanzee,chimpanzee_s_000138.png
chimpanzee,chimpanzee,chimpanzee_s_001965.png
chimpanzee,chimpanzee,chimpanzee_s_001971.png
chimpanzee,chimpanzee,pan_troglodytes_s_000213.png
chimpanzee,chimpanzee.,chimp_s_001528.png
chimpanzee,chimpanzee,chimpanzee_s_000448.png
chimpanzee,chimpanzee,chimp_s_001516.png
chimpanzee,chimpanzee,chimpanzee_s_001032.png
chimpanzee,chimpanzee,chimpanzee_s_000489.png
chimpanzee,chimpanzee,chimp_s_000185.png
chimpanzee,chimpanzee,chimpanzee_s_000106.png
chimpanzee,chimpanzee,chimp_s_001728.png
chimpanzee,chimpanzee,chimpanzee_s_000660.png
chimpanzee,chimpanzee.,chimpanzee_s_000674.png
chimpanzee,chimpanzee,chimpanzee_s_000853.png
chimpanzee,chimpanzee,chimp_s_001927.png
chimpanzee,chimpanzee,chimp_s_002369.png
chimpanzee,chimpanzee,pan_troglodytes_s_000198.png
chimpanzee,chimpanzee,chimpanzee_s_000072.png
chimpanzee,chimpanzee,chimp_s_000542.png
chimpanzee,chimpanzee,chimp_s_002341.png
chimpanzee,chimpanzee,chimp_s_000556.png
chimpanzee,chimpanzee,chimpanzee_s_000933.png
chimpanzee,chimpanzee,chimpanzee_s_000099.png
chimpanzee,chimpanzee,chimp_s_000026.png
chimpanzee,chimpanzee,chimp_s_002631.png
chimpanzee,chimpanzee,chimpanzee_s_000503.png
chimpanzee,chimpanzee,chimpanzee_s_002300.png
chimpanzee,chimpanzee,chimpanzee_s_001609.png
chimpanzee,chimpanzee,chimpanzee_s_001153.png
chimpanzee,chimpanzee,chimp_s_001846.png
chimpanzee,chimpanzee,chimpanzee_s_000098.png
chimpanzee,chimpanzee,chimp_s_000557.png
chimpanzee,chimpanzee.,chimpanzee_s_000073.png
chimpanzee,chimpanzee,chimp_s_000543.png
chimpanzee,chimpanzee,chimpanzee_s_000729.png
chimpanzee,chimpanzee,chimp_s_001926.png
chimpanzee,chimpanzee,chimpanzee_s_000675.png
chimpanzee,chimpanzee,chimpanzee_s_000661.png
chimpanzee,chimpanzee,chimpanzee_s_000649.png
chimpanzee,chimpanzee,chimpanzee_s_000891.png
chimpanzee,chimpanzee,chimp_s_002022.png
chimpanzee,chimpanzee,chimp_s_000153.png
chimpanzee,chimpanzee,chimpanzee_s_001755.png
chimpanzee,chimpanzee,chimp_s_000609.png
chimpanzee,chimpanzee,chimp_s_000143.png
chimpanzee,man,chimpanzee_s_000498.png
chimpanzee,man,chimpanzee_s_001547.png
chimpanzee,chimpanzee,chimp_s_000396.png
chimpanzee,chimpanzee,chimp_s_000382.png
chimpanzee,chimpanzee,chimp_s_000547.png
chimpanzee,chimpanzee,chimp_s_002422.png
chimpanzee,chimpanzee,chimpanzee_s_000063.png
chimpanzee,chimpanzee,chimp_s_000553.png
chimpanzee,chimpanzee,chimp_s_000023.png
chimpanzee,chimpanzee,chimpanzee_s_000249.png
chimpanzee,chimpanzee,chimp_s_002191.png
chimpanzee,pickup_truck,chimp_s_002185.png
chimpanzee,chimpanzee,chimpanzee_s_001180.png
chimpanzee,chimpanzee,chimp_s_002190.png
chimpanzee,chimpanzee,chimpanzee_s_001156.png
chimpanzee,chimpanzee,chimp_s_001328.png
chimpanzee,chimpanzee,chimp_s_000022.png
chimpanzee,chimpanzee,chimp_s_000591.png
poppy,chimpanzee,poppy_s_002725.png
table,sweet_pepper,breakfast_table_s_001474.png
table,table,breakfast_table_s_000756.png
table,table,table_s_001358.png
table,table,table_s_002651.png
table,table.,breakfast_table_s_000568.png
table,table,breakfast_table_s_000554.png
table,table,breakfast_table_s_000232.png
table,table,table_s_002255.png
table,table,breakfast_table_s_000434.png
table,table,breakfast_table_s_000385.png
table,table,breakfast_table_s_000178.png
table,table.,breakfast_table_s_001514.png
table,table,table_s_001238.png
table,snail,breakfast_table_s_000622.png
table,table,breakfast_table_s_001528.png
table,table,table_s_002725.png
table,table,breakfast_table_s_000811.png
table,chimpanzee,breakfast_table_s_001299.png
table,table,breakfast_table_s_001298.png
table,table,breakfast_table_s_000804.png
table,rose,breakfast_table_s_001515.png
table,table,breakfast_table_s_001273.png
table,table,breakfast_table_s_001267.png
table,table,breakfast_table_s_000179.png
table,table,table_s_001952.png
table,table,breakfast_table_s_000384.png
table,table,table_s_002532.png
table,table,table_s_000319.png
table,table,breakfast_table_s_000541.png
table,table,table_s_003002.png
table,table,breakfast_table_s_000569.png
table,table,table_s_001173.png
table,table,breakfast_table_s_000794.png
table,table,table_s_001359.png
table,table,breakfast_table_s_000031.png
table,table.,breakfast_table_s_000019.png
table,table,table_s_002678.png
table,table,table_s_000709.png
table,table,table_s_002126.png
table,bicycle,breakfast_table_s_001471.png
table,table,breakfast_table_s_000009.png
table,wardrobe,breakfast_table_s_001303.png
table,snail,table_s_002668.png
table,table.,breakfast_table_s_000948.png
table,table,breakfast_table_s_001115.png
table,table,breakfast_table_s_000579.png
table,table.,breakfast_table_s_000343.png
table,table,table_s_002052.png
table,table,table_s_000137.png
table,table,breakfast_table_s_000155.png
table,table,table_s_002046.png
table,table,breakfast_table_s_001505.png
table,table,breakfast_table_s_001288.png
table,table,breakfast_table_s_000828.png
table,table,breakfast_table_s_000800.png
table,table,breakfast_table_s_000197.png
table,table.,breakfast_table_s_000829.png
table,table,breakfast_table_s_001510.png
table,table,breakfast_table_s_000154.png
table,table.,table_s_002053.png
table,table,breakfast_table_s_000395.png
table,table,breakfast_table_s_001048.png
table,table,breakfast_table_s_000342.png
table,table,table_s_001758.png
table,man,breakfast_table_s_000578.png
table,table.,breakfast_table_s_000550.png
table,table,table_s_002872.png
table,table,breakfast_table_s_000975.png
table,table,table_s_001360.png
table,wardrobe,breakfast_table_s_001470.png
worm,snail,proboscis_worm_s_000103.png
worm,snail,tapeworm_s_000157.png
worm,worm,nemertean_s_000092.png
worm,worm.,nematode_s_001594.png
worm,worm,nematode_worm_s_000251.png
worm,snail,ascaris_lumbricoides_s_000158.png
worm,snail,worm_s_001570.png
worm,worm,planarian_s_000107.png
worm,snail,helminth_s_000559.png
worm,worm.,roundworm_s_000511.png
worm,worm.,nematode_s_000517.png
worm,snail,worm_s_002441.png
worm,worm,nematode_worm_s_000133.png
worm,snail,proboscis_worm_s_000077.png
worm,snail,nematode_s_001190.png
worm,snail,helminth_s_000767.png
worm,snail,roundworm_s_001197.png
worm,worm.,worm_s_001175.png
worm,worm,worm_s_002332.png
worm,worm.,nematode_worm_s_000126.png
worm,snail,nematode_s_000264.png
worm,worm.,pinworm_s_000170.png
worm,worm.,trichinella_spiralis_s_000231.png
worm,worm.,blood_fluke_s_000060.png
worm,snail,planarian_s_000112.png
worm,snail,schistosome_s_000191.png
worm,worm.,worm_s_000135.png
worm,worm.,nematode_worm_s_000720.png
worm,worm,tapeworm_s_001062.png
worm,worm.,roundworm_s_000300.png
worm,bicycle,tapeworm_s_001712.png
worm,worm,planarian_s_000266.png
worm,worm,worm_s_001759.png
worm,snail,parasitic_worm_s_000330.png
worm,"rainbow is not in the list, however, based on the description of the image with colors, I would say that it looks like a  rainbow-colored object. Among the provided options, there are several flower types. Given that, I'd say the image looks like a poppy or a rose, but I can only choose one. Therefore, I choose: poppy.",nemertean_s_000091.png
worm,worm,nematode_s_000104.png
worm,snail,nematode_s_000110.png
worm,worm.,ascaris_lumbricoides_s_000198.png
worm,snail,nematode_s_001346.png
worm,worm.,nematode_s_000716.png
worm,worm,planarian_s_000110.png
worm,worm.,nematode_s_000702.png
worm,worm,blood_fluke_s_000062.png
worm,snail,tapeworm_s_001114.png
worm,snail,roundworm_s_001618.png
worm,worm,tapeworm_s_000550.png
worm,snail,proboscis_worm_s_000060.png
worm,telephone,ribbon_worm_s_000005.png
worm,snail,nematode_worm_s_000118.png
worm,snail,ribbon_worm_s_000039.png
worm,man,worm_s_001177.png
worm,leopard,ribbon_worm_s_000004.png
worm,worm.,nematode_s_000515.png
worm,snail,roundworm_s_000507.png
worm,snail,nematode_s_000071.png
worm,snail,nematode_s_001596.png
worm,worm,nematode_worm_s_000253.png
worm,snail,tapeworm_s_000141.png
worm,snail,cestode_s_000019.png
worm,whale,nematode_worm_s_000051.png
worm,snail,ribbon_worm_s_000148.png
worm,chimpanzee,nemertine_s_000003.png
worm,snail,nematode_s_000673.png
worm,worm,worm_s_000132.png
worm,worm,nematode_s_001586.png
worm,snail,nematode_s_000840.png
worm,worm.,nematode_worm_s_000492.png
worm,worm,worm_s_002137.png
worm,snail,ascaris_lumbricoides_s_000016.png
worm,snail,nematode_s_001814.png
worm,snail,nematode_worm_s_000121.png
worm,snail,chaetognath_s_000032.png
worm,worm.,nematode_worm_s_000135.png
worm,worm.,nematode_worm_s_000653.png
worm,snail,tapeworm_s_000583.png
worm,worm.,tapeworm_s_001104.png
worm,snail,roundworm_s_000516.png
worm,snail,worm_s_001359.png
worm,worm,worm_s_001365.png
worm,worm,nematode_worm_s_000493.png
worm,worm,nematode_s_000706.png
worm,worm.,nematode_s_000074.png
worm,snail,tapeworm_s_000030.png
worm,worm,planarian_s_000114.png
worm,snail,nematode_worm_s_000524.png
worm,worm,nematode_worm_s_000256.png
worm,worm.,worm_s_000866.png
worm,snail,platyhelminth_s_000157.png
worm,worm.,tapeworm_s_000622.png
worm,snail,nematode_worm_s_000040.png
worm,snail,ribbon_worm_s_000161.png
rocket,rocket,intercontinental_ballistic_missile_s_000538.png
rocket,rocket,icbm_s_000090.png
rocket,plain,rocket_s_000245.png
rocket,rocket.,ballistic_missile_s_001679.png
rocket,rocket,multistage_rocket_s_000099.png
rocket,rocket,test_rocket_s_000488.png
rocket,rocket,step_rocket_s_000961.png
rocket,rocket,research_rocket_s_000089.png
rocket,rocket,step_rocket_s_000949.png
rocket,rocket,rocket_s_000047.png
rocket,rocket,missile_s_000296.png
rocket,rocket,missile_s_002250.png
rocket,rocket,ballistic_missile_s_000822.png
rocket,rocket,exocet_s_000006.png
rocket,rocket,intercontinental_ballistic_missile_s_000869.png
rocket,rocket,research_rocket_s_001220.png
rocket,rocket.,ballistic_missile_s_001527.png
rocket,rocket,research_rocket_s_001022.png
rocket,rocket,ballistic_missile_s_000349.png
rocket,rocket,sounding_rocket_s_000012.png
rocket,rocket,research_rocket_s_000467.png
rocket,rocket,sounding_rocket_s_000007.png
rocket,rocket,ballistic_missile_s_001240.png
rocket,rocket,ballistic_missile_s_001268.png
rocket,rocket,missile_s_000491.png
rocket,rocket,ballistic_missile_s_000758.png
rocket,pickup_truck,ballistic_missile_s_000980.png
rocket,rocket,ballistic_missile_s_001334.png
rocket,rocket,intercontinental_ballistic_missile_s_000908.png
rocket,rocket,exocet_s_000173.png
rocket,poppy,icbm_s_001172.png
rocket,rocket.,step_rocket_s_000790.png
rocket,rocket,step_rocket_s_000545.png
rocket,rocket,icbm_s_000052.png
rocket,rocket,exocet_s_000365.png
rocket,rocket,antiballistic_missile_s_000052.png
rocket,rocket,multistage_rocket_s_000071.png
rocket,rocket,intercontinental_ballistic_missile_s_000249.png
rocket,rocket,missile_s_000068.png
rocket,rocket,missile_s_000097.png
rocket,rocket,minuteman_s_000109.png
rocket,rocket,research_rocket_s_000539.png
rocket,rocket,research_rocket_s_000511.png
rocket,rocket,ballistic_missile_s_001652.png
rocket,rocket,research_rocket_s_001380.png
rocket,table,manpad_s_000074.png
rocket,snail,missile_s_001606.png
rocket,rocket,ballistic_missile_s_000772.png
rocket,whale,exocet_s_000171.png
rocket,rocket,research_rocket_s_001343.png
rocket,rocket,icbm_s_000252.png
rocket,rocket,missile_s_002253.png
rocket,rocket,research_rocket_s_000854.png
rocket,whale,guided_missile_s_001467.png
rocket,rocket,exocet_s_000788.png
rocket,rocket,research_rocket_s_000868.png
rocket,rocket,missile_s_002290.png
rocket,rocket,exocet_s_000005.png
rocket,rocket,research_rocket_s_001237.png
rocket,rocket,ballistic_missile_s_001524.png
rocket,rocket,exocet_s_000039.png
rocket,rocket,intercontinental_ballistic_missile_s_000329.png
rocket,rocket,intercontinental_ballistic_missile_s_000498.png
rocket,rocket,missile_s_000875.png
rocket,rocket,icbm_s_000642.png
rocket,rocket,ballistic_missile_s_001041.png
rocket,rocket,step_rocket_s_000432.png
rocket,rocket,sounding_rocket_s_000010.png
rocket,rocket,space_probe_s_000417.png
rocket,rocket,sounding_rocket_s_000038.png
rocket,rocket,test_rocket_s_000267.png
rocket,rocket,research_rocket_s_000869.png
rocket,rocket,rocket_s_002040.png
rocket,rocket,guided_missile_s_001472.png
rocket,rocket,ballistic_missile_s_000983.png
rocket,rocket,research_rocket_s_001342.png
rocket,rocket.,step_rocket_s_000220.png
rocket,rocket,icbm_s_001373.png
rocket,rocket,ballistic_missile_s_001109.png
rocket,rocket,guided_missile_s_000340.png
rocket,rocket,guided_missile_s_000368.png
rocket,rocket,missile_s_001401.png
rocket,rocket.,icbm_s_000096.png
rocket,whale,guided_missile_s_000378.png
rocket,rocket,ballistic_missile_s_001131.png
rocket,rocket,research_rocket_s_001178.png
rocket,rocket,icbm_s_001405.png
rocket,whale.,exocet_s_000376.png
rocket,rocket,rocket_s_000055.png
rocket,rocket,missile_s_000253.png
rocket,rocket,research_rocket_s_000702.png
rocket,pickup_truck,guided_missile_s_001462.png
rocket,rocket,ballistic_missile_s_001247.png
rocket,rocket,icbm_s_000479.png
rocket,rocket.,icbm_s_000848.png
rocket,rocket,rocket_s_001029.png
rocket,rocket,missile_s_002040.png
rocket,rocket,guided_missile_s_000581.png
rocket,bicycle,research_rocket_s_000474.png
bicycle,bicycle,bicycle_s_002237.png
bicycle,bicycle,safety_bike_s_001087.png
bicycle,bicycle,cycle_s_000068.png
bicycle,bicycle,bicycle_s_000408.png
bicycle,bicycle,safety_bike_s_000158.png
bicycle,bicycle,ordinary_bicycle_s_000161.png
bicycle,bicycle,bicycle_s_000781.png
bicycle,bicycle,bike_s_002118.png
bicycle,bicycle,safety_bicycle_s_001322.png
bicycle,bicycle,bike_s_000336.png
bicycle,bicycle,velocipede_s_001166.png
bicycle,bicycle,bike_s_001980.png
bicycle,bicycle,bicycle_s_000392.png
bicycle,bicycle,bicycle_s_000437.png
bicycle,bicycle,bike_s_002292.png
bicycle,bicycle,cycle_s_001413.png
bicycle,bicycle,safety_bike_s_000173.png
bicycle,bicycle,bike_s_002047.png
bicycle,bicycle,velocipede_s_001358.png
bicycle,bicycle,bike_s_001572.png
bicycle,bicycle,bike_s_001200.png
bicycle,bicycle,bicycle_s_000147.png
bicycle,bicycle,bike_s_002090.png
bicycle,bicycle,safety_bike_s_000198.png
bicycle,bicycle,cycle_s_003006.png
bicycle,bicycle,velocipede_s_001210.png
bicycle,bicycle,bicycle_s_000782.png
bicycle,bicycle,ordinary_bicycle_s_000016.png
bicycle,bicycle,bicycle_s_002624.png
bicycle,bicycle,velocipede_s_000330.png
bicycle,bicycle,bicycle_s_000231.png
bicycle,bicycle,safety_bicycle_s_001651.png
bicycle,bicycle,bicycle_s_001107.png
bicycle,bicycle,cycle_s_001214.png
bicycle,bicycle,ordinary_bicycle_s_000201.png
bicycle,bicycle,cycle_s_002053.png
bicycle,man,safety_bike_s_001132.png
bicycle,bicycle,safety_bike_s_001640.png
bicycle,bicycle,cycle_s_002090.png
bicycle,bicycle,safety_bike_s_001481.png
bicycle,bicycle,bicycle_s_001338.png
bicycle,bicycle,safety_bicycle_s_001320.png
bicycle,bicycle,bike_s_001375.png
bicycle,bicycle,safety_bike_s_000984.png
bicycle,bicycle,safety_bicycle_s_000162.png
bicycle,bicycle,safety_bicycle_s_001240.png
bicycle,bicycle,safety_bicycle_s_001254.png
bicycle,bicycle,bike_s_000679.png
bicycle,man,cycle_s_001412.png
bicycle,bicycle,cycle_s_001374.png
bicycle,bicycle,velocipede_s_000292.png
bicycle,bicycle,cycle_s_000718.png
bicycle,bicycle,safety_bicycle_s_000348.png
bicycle,bicycle,cycle_s_000042.png
bicycle,bicycle,bike_s_001761.png
bicycle,bicycle,bike_s_000457.png
bicycle,bicycle,safety_bicycle_s_001085.png
bicycle,bicycle,velocipede_s_000282.png
bicycle,bicycle,cycle_s_002651.png
bicycle,bicycle,bike_s_002283.png
bicycle,bicycle,bike_s_002042.png
bicycle,bicycle,velocipede_s_001361.png
bicycle,bicycle,bike_s_000127.png
bicycle,bicycle,ordinary_bicycle_s_000167.png
bicycle,bicycle,bike_s_000682.png
bicycle,bicycle,bicycle_s_000156.png
bicycle,bicycle,bicycle_s_000977.png
bicycle,man,cycle_s_001953.png
bicycle,bicycle,velocipede_s_001201.png
bicycle,bicycle,safety_bicycle_s_000760.png
baby,baby,infant_s_000192.png
baby,baby,baby_s_002010.png
baby,baby,baby_s_002776.png
baby,baby,infant_s_000623.png
baby,baby,infant_s_001529.png
baby,baby,infant_s_000179.png
baby,baby,baby_s_000377.png
baby,chimpanzee,infant_s_000596.png
baby,baby,baby_s_000217.png
baby,baby,baby_s_000571.png
baby,baby,infant_s_000233.png
baby,baby,infant_s_001139.png
baby,baby,infant_s_001111.png
baby,baby,baby_s_001451.png
baby,baby,baby_s_000029.png
baby,baby,infant_s_000958.png
baby,woman,baby_s_000773.png
baby,baby,baby_s_000001.png
baby,baby,infant_s_000031.png
baby,baby,infant_s_000757.png
baby,baby,infant_s_000019.png
baby,chimpanzee.,baby_s_002830.png
baby,baby,infant_s_000756.png
baby,baby,baby_s_000028.png
baby,baby,infant_s_000540.png
baby,baby,baby_s_001108.png
baby,baby,infant_s_000346.png
baby,baby,baby_s_002549.png
baby,baby,infant_s_000178.png
baby,baby,infant_s_000636.png
baby,baby,baby_s_002005.png
baby,baby,baby_s_002011.png
baby,baby,baby_s_002777.png
baby,baby,baby_s_000148.png
baby,baby,baby_s_001524.png
baby,baby,infant_s_000191.png
baby,baby,baby_s_001532.png
baby,baby,baby_s_002007.png
baby,baby,baby_s_000162.png
baby,baby,infant_s_000620.png
baby,baby,baby_s_000566.png
baby,baby,baby_s_000572.png
baby,baby,infant_s_000542.png
baby,baby,infant_s_001674.png
baby,baby,baby_s_000002.png
baby,baby,infant_s_001338.png
baby,baby,infant_s_000768.png
baby,baby,infant_s_001339.png
baby,baby,baby_s_001876.png
baby,sweet_pepper,infant_s_000543.png
baby,chimpanzee,baby_s_000215.png
baby,baby,baby_s_000361.png
baby,baby,baby_s_002562.png
baby,baby,infant_s_001517.png
baby,baby,baby_s_002774.png
baby,baby,baby_s_000163.png
baby,baby,baby_s_002012.png
baby,man,baby_s_002748.png
baby,baby,baby_s_001533.png
baby,baby,baby_s_000615.png
baby,baby,baby_s_002016.png
baby,baby,infant_s_000382.png
baby,baby,infant_s_001077.png
baby,baby,babe_s_000193.png
baby,baby,infant_s_000590.png
baby,baby,infant_s_001329.png
baby,baby,baby_s_002823.png
baby,baby,infant_s_000750.png
baby,woman,infant_s_000744.png
baby,baby,baby_s_002188.png
baby,baby,infant_s_000022.png
baby,baby,baby_s_001330.png
baby,woman,infant_s_000787.png
baby,baby,baby_s_001318.png
baby,baby,baby_s_002611.png
baby,baby,baby_s_001654.png
baby,baby,infant_s_000585.png
baby,man,baby_s_001091.png
baby,baby,infant_s_000142.png
baby,baby,infant_s_001248.png
baby,baby,infant_s_000195.png
baby,baby,baby_s_002017.png
baby,baby,baby_s_002771.png
baby,baby,baby_s_002765.png
baby,baby,baby_s_002773.png
baby,baby,baby_s_002767.png
baby,baby,infant_s_000815.png
baby,baby,baby_s_000158.png
baby,baby,infant_s_000829.png
baby,baby,infant_s_000140.png
baby,baby,infant_s_000381.png
baby,baby,baby_s_001905.png
baby,baby,baby_s_001911.png
baby,baby,baby_s_002439.png
baby,baby,baby_s_001468.png
baby,baby,baby_s_001440.png
baby,baby,baby_s_002808.png
baby,baby,infant_s_000752.png
baby,baby,infant_s_000034.png
baby,baby,baby_s_000951.png
sweet_pepper,sweet_pepper,bell_pepper_s_000398.png
sweet_pepper,snail,sweet_pepper_s_000704.png
sweet_pepper,sweet_pepper,bell_pepper_s_000415.png
sweet_pepper,sweet_pepper,bell_pepper_s_000818.png
sweet_pepper,sweet_pepper,bell_pepper_s_000165.png
sweet_pepper,sweet_pepper,sweet_pepper_s_001156.png
sweet_pepper,sweet_pepper,sweet_pepper_s_001630.png
sweet_pepper,snail,bell_pepper_s_000978.png
sweet_pepper,sweet_pepper,sweet_pepper_s_001793.png
sweet_pepper,sweet_pepper,bell_pepper_s_000944.png
sweet_pepper,sweet_pepper,bell_pepper_s_000011.png
sweet_pepper,sweet_pepper,sweet_pepper_s_000472.png
sweet_pepper,sweet_pepper,sweet_pepper_s_001036.png
sweet_pepper,sweet_pepper,sweet_pepper_s_001585.png
sweet_pepper,sweet_pepper,sweet_pepper_s_000857.png
sweet_pepper,sweet_pepper,bell_pepper_s_000561.png
sweet_pepper,sweet_pepper,sweet_pepper_s_000658.png
sweet_pepper,sweet_pepper,bell_pepper_s_001131.png
sweet_pepper,sweet_pepper,bell_pepper_s_001643.png
sweet_pepper,sweet_pepper,sweet_pepper_s_001235.png
sweet_pepper,sweet_pepper,sweet_pepper_s_000895.png
sweet_pepper,sweet_pepper,bell_pepper_s_000548.png
sweet_pepper,sweet_pepper,bell_pepper_s_000206.png
sweet_pepper,sweet_pepper,bell_pepper_s_000560.png
sweet_pepper,sweet_pepper,bell_pepper_s_000574.png
sweet_pepper,sweet_pepper,sweet_pepper_s_001590.png
sweet_pepper,"None of the listed classes directly match the object in the image, which appears to be a pot or a Dutch oven. However, based on the provided list, the closest match in terms of a common household item would be:

table 

However, a more accurate classification would be to add ""pot"" if it were an option. Given the constraints, and that a table could be a place where such an item is found:

table",bell_pepper_s_000986.png
sweet_pepper,sweet_pepper,bell_pepper_s_000762.png
sweet_pepper,sweet_pepper,bell_pepper_s_000010.png
sweet_pepper,sweet_pepper,sweet_pepper_s_001779.png
sweet_pepper,sweet_pepper,sweet_pepper_s_000467.png
sweet_pepper,sweet_pepper,sweet_pepper_s_001625.png
sweet_pepper,sweet_pepper,bell_pepper_s_000158.png
sweet_pepper,sweet_pepper,bell_pepper_s_000170.png
sweet_pepper,sweet_pepper,sweet_pepper_s_000261.png
sweet_pepper,snail,sweet_pepper_s_000275.png
sweet_pepper,sweet_pepper.,sweet_pepper_s_000513.png
sweet_pepper,sweet_pepper,bell_pepper_s_001285.png
sweet_pepper,sweet_pepper,bell_pepper_s_000428.png
sweet_pepper,sweet_pepper,sweet_pepper_s_000711.png
sweet_pepper,sweet_pepper,sweet_pepper_s_000934.png
sweet_pepper,sweet_pepper,bell_pepper_s_000416.png
sweet_pepper,snail,bell_pepper_s_000370.png
sweet_pepper,sweet_pepper,bell_pepper_s_000358.png
sweet_pepper,sweet_pepper,sweet_pepper_s_000049.png
sweet_pepper,sweet_pepper,sweet_pepper_s_001800.png
sweet_pepper,sweet_pepper,sweet_pepper_s_001182.png
sweet_pepper,sweet_pepper,bell_pepper_s_000833.png
sweet_pepper,sweet_pepper,bell_pepper_s_000172.png
sweet_pepper,sweet_pepper,bell_pepper_s_000600.png
sweet_pepper,sweet_pepper,bell_pepper_s_001278.png
sweet_pepper,sweet_pepper,sweet_pepper_s_001155.png
sweet_pepper,sweet_pepper,sweet_pepper_s_001960.png
sweet_pepper,sweet_pepper,bell_pepper_s_000947.png
sweet_pepper,sweet_pepper,bell_pepper_s_000953.png
sweet_pepper,sweet_pepper,bell_pepper_s_001330.png
sweet_pepper,sweet_pepper,sweet_pepper_s_000840.png
sweet_pepper,sweet_pepper,sweet_pepper_s_000115.png
sweet_pepper,sweet_pepper,bell_pepper_s_001126.png
sweet_pepper,sweet_pepper,bell_pepper_s_000239.png
sweet_pepper,sweet_pepper,bell_pepper_s_001127.png
sweet_pepper,sweet_pepper,sweet_pepper_s_001593.png
sweet_pepper,sweet_pepper,bell_pepper_s_000991.png
sweet_pepper,sweet_pepper,bell_pepper_s_001331.png
sweet_pepper,sweet_pepper.,sweet_pepper_s_001020.png
sweet_pepper,sweet_pepper,bell_pepper_s_000985.png
sweet_pepper,sweet_pepper,sweet_pepper_s_000464.png
sweet_pepper,sweet_pepper,bell_pepper_s_000007.png
sweet_pepper,sweet_pepper,sweet_pepper_s_001008.png
sweet_pepper,sweet_pepper,bell_pepper_s_000952.png
sweet_pepper,sweet_pepper,bell_pepper_s_001523.png
sweet_pepper,sweet_pepper,sweet_pepper_s_000538.png
sweet_pepper,sweet_pepper,bell_pepper_s_001537.png
sweet_pepper,sweet_pepper,bell_pepper_s_000167.png
sweet_pepper,sweet_pepper,sweet_pepper_s_000262.png
sweet_pepper,sweet_pepper,sweet_pepper_s_002313.png
sweet_pepper,sweet_pepper,bell_pepper_s_001292.png
sweet_pepper,sweet_pepper,sweet_pepper_s_001424.png
sweet_pepper,sweet_pepper,bell_pepper_s_000417.png
sweet_pepper,sweet_pepper,bell_pepper_s_001084.png
sweet_pepper,sweet_pepper,sweet_pepper_s_000921.png
sweet_pepper,sweet_pepper,bell_pepper_s_001090.png
sweet_pepper,sweet_pepper,bell_pepper_s_001057.png
sweet_pepper,sweet_pepper,sweet_pepper_s_001434.png
sweet_pepper,sweet_pepper,sweet_pepper_s_000064.png
sweet_pepper,sweet_pepper,bell_pepper_s_000407.png
sweet_pepper,sweet_pepper,bell_pepper_s_000188.png
sweet_pepper,sweet_pepper,sweet_pepper_s_000299.png
sweet_pepper,sweet_pepper,sweet_pepper_s_001622.png
sweet_pepper,sweet_pepper,sweet_pepper_s_001150.png
sweet_pepper,sweet_pepper,bell_pepper_s_000639.png
sweet_pepper,sweet_pepper,bell_pepper_s_001269.png
sweet_pepper,sweet_pepper,bell_pepper_s_000163.png
sweet_pepper,sweet_pepper,sweet_pepper_s_002303.png
sweet_pepper,sweet_pepper,sweet_pepper_s_001795.png
sweet_pepper,sweet_pepper,sweet_pepper_s_001959.png
sweet_pepper,sweet_pepper,sweet_pepper_s_002288.png
sweet_pepper,sweet_pepper,bell_pepper_s_000981.png
sweet_pepper,sweet_pepper,bell_pepper_s_001321.png
sweet_pepper,sweet_pepper,sweet_pepper_s_000474.png
pickup_truck,pickup_truck,pickup_truck_s_000708.png
pickup_truck,pickup_truck.,pickup_s_000139.png
pickup_truck,pickup_truck,pickup_truck_s_001628.png
pickup_truck,pickup_truck,pickup_s_001780.png
pickup_truck,pickup_truck,pickup_truck_s_000244.png
pickup_truck,pickup_truck,pickup_s_001970.png
pickup_truck,pickup_truck,pickup_s_001757.png
pickup_truck,pickup_truck,pickup_truck_s_000287.png
pickup_truck,pickup_truck,pickup_s_000313.png
pickup_truck,pickup_truck,pickup_truck_s_000495.png
pickup_truck,pickup_truck,pickup_truck_s_000126.png
pickup_truck,pickup_truck,pickup_s_000924.png
pickup_truck,pickup_truck.,pickup_truck_s_000654.png
pickup_truck,pickup_truck.,pickup_s_000059.png
pickup_truck,pickup_truck,pickup_truck_s_001589.png
pickup_truck,pickup_truck,pickup_s_000703.png
pickup_truck,pickup_truck,pickup_s_000071.png
pickup_truck,pickup_truck,pickup_s_000716.png
pickup_truck,pickup_truck,pickup_s_000702.png
pickup_truck,pickup_truck,pickup_s_001346.png
pickup_truck,pickup_truck,pickup_truck_s_000682.png
pickup_truck,pickup_truck,pickup_truck_s_002042.png
pickup_truck,pickup_truck,pickup_truck_s_002268.png
pickup_truck,pickup_truck,pickup_truck_s_001761.png
pickup_truck,pickup_truck,pickup_truck_s_002240.png
pickup_truck,pickup_truck,pickup_truck_s_000331.png
pickup_truck,pickup_truck,pickup_s_000460.png
pickup_truck,pickup_truck,pickup_s_000448.png
pickup_truck,pickup_truck,pickup_truck_s_001167.png
pickup_truck,pickup_truck,pickup_truck_s_002446.png
pickup_truck,pickup_truck,pickup_s_000138.png
pickup_truck,pickup_truck.,pickup_truck_s_002687.png
pickup_truck,pickup_truck,pickup_s_001554.png
pickup_truck,pickup_truck,pickup_s_001581.png
pickup_truck,pickup_truck,pickup_truck_s_000079.png
pickup_truck,pickup_truck,pickup_s_000890.png
pickup_truck,pickup_truck,pickup_s_000106.png
pickup_truck,pickup_truck,pickup_s_001783.png
pickup_truck,pickup_truck,pickup_truck_s_000509.png
pickup_truck,pickup_truck,pickup_s_001026.png
pickup_truck,pickup_truck,pickup_s_002275.png
pickup_truck,pickup_truck,pickup_s_001768.png
pickup_truck,pickup_truck,pickup_truck_s_002518.png
pickup_truck,pickup_truck,pickup_truck_s_000482.png
pickup_truck,pickup_truck,pickup_s_000258.png
pickup_truck,pickup_truck,pickup_truck_s_001978.png
pickup_truck,pickup_truck,pickup_s_002315.png
pickup_truck,pickup_truck,pickup_truck_s_001561.png
pickup_truck,pickup_truck,pickup_s_000700.png
pickup_truck,pickup_truck,pickup_s_001378.png
pickup_truck,pickup_truck,pickup_s_000701.png
pickup_truck,pickup_truck,pickup_s_002116.png
pickup_truck,pickup_truck,pickup_s_000715.png
pickup_truck,pickup_truck,pickup_truck_s_000681.png
pickup_truck,pickup_truck,pickup_truck_s_001206.png
pickup_truck,pickup_truck,pickup_truck_s_001574.png
pickup_truck,pickup_truck,pickup_truck_s_000642.png
pickup_truck,pickup_truck,pickup_s_000517.png
pickup_truck,pickup_truck,pickup_truck_s_002280.png
pickup_truck,pickup_truck.,pickup_s_001806.png
pickup_truck,pickup_truck,pickup_truck_s_002519.png
pickup_truck,pickup_truck,pickup_s_001812.png
pickup_truck,pickup_truck,pickup_truck_s_000534.png
pickup_truck,pickup_truck,pickup_truck_s_002445.png
pickup_truck,pickup_truck,pickup_s_002076.png
pickup_truck,pickup_truck,pickup_s_000885.png
pickup_truck,pickup_truck,pickup_truck_s_001366.png
pickup_truck,pickup_truck,pickup_truck_s_000050.png
pickup_truck,pickup_truck,pickup_truck_s_000736.png
pickup_truck,pickup_truck,pickup_truck_s_002657.png
pickup_truck,pickup_truck,pickup_truck_s_001438.png
pickup_truck,pickup_truck,pickup_truck_s_000726.png
pickup_truck,pickup_truck,pickup_s_000103.png
pickup_truck,pickup_truck,pickup_truck_s_000097.png
pickup_truck,pickup_truck,pickup_truck_s_002469.png
pickup_truck,pickup_truck,pickup_s_001786.png
pickup_truck,pickup_truck,pickup_truck_s_000530.png
pickup_truck,pickup_truck,pickup_s_001779.png
pickup_truck,pickup_truck,pickup_truck_s_002482.png
pickup_truck,pickup_truck.,pickup_s_001037.png
pickup_truck,pickup_truck.,pickup_truck_s_002253.png
pickup_truck,pickup_truck,pickup_truck_s_001982.png
pickup_truck,pickup_truck,pickup_s_001180.png
pickup_truck,pickup_truck,pickup_s_000507.png
pickup_truck,pickup_truck,pickup_truck_s_001799.png
pickup_truck,pickup_truck,pickup_s_000705.png
pickup_truck,pickup_truck,pickup_truck_s_002092.png
pickup_truck,pickup_truck,pickup_truck_s_000685.png
pickup_truck,pickup_truck,pickup_s_000704.png
pickup_truck,pickup_truck,pickup_s_000076.png
pickup_truck,pickup_truck,pickup_truck_s_000647.png
pickup_truck,pickup_truck,pickup_s_001383.png
pickup_truck,pickup_truck.,pickup_truck_s_002044.png
pickup_truck,pickup_truck.,pickup_truck_s_001565.png
pickup_truck,pickup_truck,pickup_s_000506.png
pickup_truck,pickup_truck,pickup_s_002305.png
pickup_truck,pickup_truck,pickup_truck_s_002246.png
pickup_truck,pickup_truck,pickup_truck_s_000337.png
pickup_truck,pickup_truck,pickup_s_000328.png
pickup_truck,pickup_truck,pickup_s_001793.png
woman,man,black_woman_s_000741.png
woman,woman.,black_woman_s_002156.png
woman,woman,black_woman_s_000755.png
woman,woman,black_woman_s_000219.png
woman,woman,woman_s_000029.png
woman,man,black_woman_s_001113.png
woman,woman,bachelor_girl_s_000528.png
woman,woman,black_woman_s_000386.png
woman,woman,black_woman_s_001073.png
woman,woman,black_woman_s_002208.png
woman,woman,woman_s_000149.png
woman,woman,black_woman_s_000379.png
woman,woman,eve_s_000022.png
woman,woman,black_woman_s_000190.png
woman,man,black_woman_s_000184.png
woman,woman,white_woman_s_000545.png
woman,woman,black_woman_s_001503.png
woman,woman,black_woman_s_000147.png
woman,woman,yellow_woman_s_000745.png
woman,woman,black_woman_s_001264.png
woman,woman,black_woman_s_000185.png
woman,woman,bachelor_girl_s_001031.png
woman,woman,eve_s_000023.png
woman,woman,bachelor_girl_s_000449.png
woman,woman,woman_s_000148.png
woman,woman.,black_woman_s_000378.png
woman,woman,black_woman_s_000387.png
woman,woman,black_woman_s_000556.png
woman,woman,eve_s_000157.png
woman,woman,black_woman_s_000542.png
woman,woman.,woman_s_000014.png
woman,woman,white_woman_s_000626.png
woman,man,woman_s_000028.png
woman,baby,black_woman_s_000595.png
woman,woman.,yellow_woman_s_000157.png
woman,woman.,black_woman_s_002157.png
woman,man,black_woman_s_000740.png
woman,woman,white_woman_s_000424.png
woman,woman.,black_woman_s_001310.png
woman,woman,white_woman_s_001048.png
woman,woman,amazon_s_000004.png
woman,woman,bachelor_girl_s_000717.png
woman,woman,black_woman_s_000973.png
woman,woman,bachelor_girl_s_000098.png
woman,woman,black_woman_s_000795.png
woman,woman.,black_woman_s_002196.png
woman,woman,black_woman_s_000959.png
woman,woman,black_woman_s_000018.png
woman,woman,yellow_woman_s_000633.png
woman,baby,black_woman_s_001448.png
woman,baby,black_woman_s_000030.png
woman,woman,black_woman_s_000583.png
woman,woman,black_woman_s_001662.png
woman,woman,woman_s_000002.png
woman,woman,bachelor_girl_s_000477.png
woman,woman,yellow_woman_s_000579.png
woman,woman,woman_s_000176.png
woman,woman,black_woman_s_002223.png
woman,woman,black_woman_s_000352.png
woman,woman.,yellow_woman_s_000237.png
woman,woman,bachelor_girl_s_000852.png
woman,woman,black_woman_s_001266.png
woman,woman,black_woman_s_002034.png
woman,woman,black_woman_s_000145.png
woman,woman,bachelor_girl_s_000890.png
woman,woman,black_woman_s_000179.png
woman,woman,black_woman_s_000186.png
woman,woman,black_woman_s_001298.png
woman,woman.,white_woman_s_000023.png
woman,woman,black_woman_s_001703.png
woman,woman,yellow_woman_s_000430.png
woman,woman,woman_s_000003.png
woman,woman,black_woman_s_001105.png
woman,man,white_woman_s_000802.png
woman,woman,black_woman_s_000596.png
woman,woman,white_woman_s_000180.png
woman,woman,black_woman_s_002154.png
woman,woman,white_woman_s_000369.png
woman,woman,bachelor_girl_s_000714.png
woman,woman,bachelor_girl_s_000700.png
woman,woman,black_woman_s_000958.png
woman,woman,black_woman_s_002197.png
woman,woman,white_woman_s_000382.png
woman,woman.,white_woman_s_000386.png
woman,woman,black_woman_s_000960.png
woman,woman,yellow_woman_s_000385.png
woman,woman,black_woman_s_000586.png
woman,woman,black_woman_s_001101.png
woman,woman,white_woman_s_000635.png
woman,man,black_woman_s_000380.png
woman,woman,black_woman_s_000394.png
woman,woman,yellow_woman_s_000597.png
woman,man,black_woman_s_000419.png
woman,woman,bachelor_girl_s_000472.png
woman,woman,bachelor_girl_s_000466.png
woman,woman,white_woman_s_001339.png
woman,woman,black_woman_s_000196.png
woman,woman,white_woman_s_000580.png
woman,woman,black_woman_s_000627.png
woman,woman,black_woman_s_000633.png
